dimension,dimension_label,label_set,n_codes_used,n_codes_total,codes_excluded,macro_AUROC,macro_AUROC_weighted,macro_AUROC_fold_std,macro_AP_lift,silhouette,silhouette_n_single,silhouette_share_single,knn_purity,knn_purity_null,tfidf_macro_AUROC,auroc_gain_over_tfidf,n_codes_gain_positive,gain_wilcoxon_p,perm_null_mean,perm_null_std,perm_reps,perm_p,perm_z
1,Focus of Observation,as-coded,5,5,,0.9584,0.9516,0.0062,6.461,0.0416,1180,0.676,0.8252,0.4357,0.867,0.0914,5,0.0625,0.5518,0.0203,200,0.00498,20.08
2,Observed Behavior,as-coded,7,7,,0.9339,0.9338,0.0123,4.054,0.0358,755,0.432,0.8171,0.5162,0.8462,0.0877,7,0.01562,0.5403,0.0149,200,0.00498,26.37
3,Monitoring Strategy,as-coded,5,5,,0.9453,0.9423,0.0082,5.982,0.0547,828,0.474,0.9206,0.7744,0.8138,0.1315,5,0.0625,0.5428,0.0183,200,0.00498,21.94
4,Interpreting Behavior,as-coded,4,4,,0.9086,0.9138,0.011,2.79,-0.006,1372,0.786,0.644,0.4011,0.7953,0.1133,4,,0.5309,0.0157,200,0.00498,24.12
5,Feedback Type,as-coded,6,6,,0.9306,0.936,0.0172,7.069,-0.0105,1408,0.806,0.656,0.3202,0.7724,0.1582,6,0.03125,0.5361,0.0177,200,0.00498,22.29
1,Focus of Observation,parent,3,3,,0.9742,0.9763,0.0055,8.722,0.1087,1511,0.865,0.9477,0.8332,0.8945,0.0797,3,,0.5251,0.0329,200,0.00498,13.64
2,Observed Behavior,parent,5,5,,0.9254,0.9268,0.013,3.366,0.0345,771,0.442,0.8338,0.5833,0.8336,0.0918,5,0.0625,0.5402,0.016,200,0.00498,24.13
3,Monitoring Strategy,parent,5,5,,0.9453,0.9423,0.0082,5.982,0.0547,828,0.474,0.9206,0.7744,0.8138,0.1315,5,0.0625,0.5428,0.0183,200,0.00498,21.94
4,Interpreting Behavior,parent,4,4,,0.9086,0.9138,0.011,2.79,-0.006,1372,0.786,0.644,0.4011,0.7953,0.1133,4,,0.5309,0.0157,200,0.00498,24.12
5,Feedback Type,parent,6,6,,0.9306,0.936,0.0172,7.069,-0.0105,1408,0.806,0.656,0.3202,0.7724,0.1582,6,0.03125,0.5361,0.0177,200,0.00498,22.29
