subject_id,question_id,question_text,answer
98F1F2ACBEEF441A9A454C5FFDFCCB3B,q4,Final message for the AI robots you watched across all the episodes?,"The robots should have a simple assignment, i.e. one robot should be handling picking up parts and taking them to the machine , a separate robot should be taking the box and then handling the delivery. The robots need to share the work and not have each one try to do every step as there is too much redundancy in their roles. "
3BED4FD9D2D84AE89A9918F1CE5D0210,q3,"What, if anything, would have helped you monitor the AI agents more easily?",It would be nice to have a side frame that shows the robot thought process.
7AE4F8C44F974CB389DA9C1D4EA9B861,q2,"Across all episodes, what challenges did you experience while monitoring the AI agents?",there was no challenge. it was easy to spot inconsistencies
AE5BB3054A9A46FABF7249C579A08B44,q3,"What, if anything, would have helped you monitor the AI agents more easily?",Nothing comes to mind. I had no issues monitoring.
377E5F34FBC9482490C18F70D5680C35,q1,"Overall, what was your strategy for monitoring the AI robot's behavior?",watch each robot and see how efficiently they used tehir time
6229CAB9B37748198D6BE87AA745B14F,q2,"Across all episodes, what challenges did you experience while monitoring the AI agents?","I did not experience any real challenges, except that sometimes I had to fiddle with the sliders to adjust the range or segment of the video I wanted to highlight for feedback.  This was not that complicated, just took a little extra time. "
98F1F2ACBEEF441A9A454C5FFDFCCB3B,q3,"What, if anything, would have helped you monitor the AI agents more easily?",The colors of the robots were not primary colors so when the colors of the robots are similar it can be hard to clearly label each robot to explain better what it is doing better or worse than the other robots.
60F6E62AAA934061A35F7A914EBCED6D,q1,"Overall, what was your strategy for monitoring the AI robot's behavior?","I watched the full video before typing any responses. I watched for what each robot was doing, how they were acting and interacting, and tried to figure out their patterns, strengths, and weaknesses before commenting. "
BC6D9B3AAE6441C48A333B2153DDDCA6,q1,"Overall, what was your strategy for monitoring the AI robot's behavior?","It really depended on the specific situation.  With 4 robots, in an open floorplan, they'll behave differently than two robots, each in their own separate area."
0043BBB88460448D91590AB88CF6AFC3,q4,Final message for the AI robots you watched across all the episodes?,"I was pleased and impressed with everything I saw here. I feel that the robots generally performed well and did not make any major errors. There were patterns of activity which helped the task to succeed. The robots would settle into a nice rhythm, with a kind of repetition which proved effective in getting the work done. The robots were able to adapt to each environment, as some areas had the centre area open and some had it blocked. The AI robots were intelligent and focused, so they were able to adapt and complete their individual tasks. Overall I have a positive impression of what I watched. "
79241E5C361843EDA97056607900E9C3,q2,"Across all episodes, what challenges did you experience while monitoring the AI agents?",Sometimes it was hard to keep up with all the robots and figure out which one was actually bottle-necking each process. 
53AD5B8B79A74D8F8723EC327046E790,q4,Final message for the AI robots you watched across all the episodes?,"get reprogramed for the job, you wasted time and sometimes wandered adround alot without doing anything"
D66EA70CA4F64CC0B50F9A805D8F79D5,q2,"Across all episodes, what challenges did you experience while monitoring the AI agents?",I sometimes ran into issues monitoring the movements of the sporatic agents especially if there were 4 in the same area.
6986EB5BF00644919726BA0F2294EAE1,q1,"Overall, what was your strategy for monitoring the AI robot's behavior?",I just watched and saw what actions they were taking and how that related to their instructions.
D9BAEA30CF5B4E659F76D3A2CFE0AA3D,q1,"Overall, what was your strategy for monitoring the AI robot's behavior?",I payed close attention to how they were moving and thought about if what they were doing was the most efficient and how I personally would have done it myself if I was in a team with other people in this scenario. I also thought writing while rewatching was very effective as it allowed me to confirm my thoughts with real time observation of what they were doing. I also looked at the map that they were working in to see the constraints that they had and factored that into my evaluation of how they did their work. 
171DEC1860E7498A962991D13A17DE21,q2,"Across all episodes, what challenges did you experience while monitoring the AI agents?","I did not experience any challenges as everything was clear and easy to understand. I also didn't run into any technological problems, so I was able to monitor the agents with my full attention."
2B21B7636CAD4FE3B5E616714E830F53,q1,"Overall, what was your strategy for monitoring the AI robot's behavior?",I tried to watch one side of robots and then the other throughout the video. This meant that I had to replay the video multiple times to make sure I saw what each robot did throughout the whole video timeframe
09BF60420B074B23AEBA62FFC0074D83,q1,"Overall, what was your strategy for monitoring the AI robot's behavior?","My strategy was to monitor how well they worked together, their movements and how smooth each action was taken, from smartly maneuvering around each other to not blocking each other's paths as much, I was watching for mistakes and how much they were coordinated with one another."
4D8B047B038B451C9DB789869453842F,q3,"What, if anything, would have helped you monitor the AI agents more easily?",Nothing I can think of beyond what I did.
335641BBC0B246888FBAC9A94A8A7AA1,q3,"What, if anything, would have helped you monitor the AI agents more easily?","It was pretty easy for me to monitor them right now, I'm not sure what could make it easier at this point so I'm not really sure what to type here."
53AD5B8B79A74D8F8723EC327046E790,q2,"Across all episodes, what challenges did you experience while monitoring the AI agents?",the challange was to keep focused on the work that was being done instead of just watching for entertainment
352F50BB940746CDBA37845760C42016,q4,Final message for the AI robots you watched across all the episodes?,For robots you did a good job working together but there is always room for improvement when it comes to production and efficiency.
965B0E4313264F5A9A5222E31D9C17F3,q2,"Across all episodes, what challenges did you experience while monitoring the AI agents?","The only challenges were watching the ones with 4 agents, because it was more difficult to track them all and get a sense of what they were supposed to be doing."
A39A2E9C8CA1472AB2A0772068C1107F,q1,"Overall, what was your strategy for monitoring the AI robot's behavior?",My strategy was to kind of figure out how I would move the robots as if I were controlling them like in a video game and to see what deviations they made from the paths I would make. I also liked to merely look at odd erratic behaviors that were pretty easy to spot. 
DBC03D397909420C836B9B6AE946B226,q1,"Overall, what was your strategy for monitoring the AI robot's behavior?",I was looking for th most efficient use of the space. A robot needed to take the least number of steps from one activity to the other.
21C4F712CEA24FA58B7B6D562619E466,q1,"Overall, what was your strategy for monitoring the AI robot's behavior?",Giving them human emotions and motivations at an attempt to glean anything from their movements
8B03ECB66D804B37965AC5C6A5226B52,q4,Final message for the AI robots you watched across all the episodes?,"Find ways to be more efficient, so you are not waiting on one another and make sure to be making best use of all your resources."
0F0D9CC38A3E42058DC0FA76CDC0D801,q2,"Across all episodes, what challenges did you experience while monitoring the AI agents?","The biggest challenge I felt was to keep an eye out for which bots were responsible for slowing down the workflow of the operation. If I could identify where things were going wrong, such as a bot wasting movements instead of simply picking up parts or perhaps not using the second machine and instead just waiting for another bot to move, then those are red flags and are something I would really pay attention to. "
211D1CCD28E5470891A636CDB3B801C7,q4,Final message for the AI robots you watched across all the episodes?,They worked hard together despite any physical barriers
65FDC56138894B8E9917C6CF4FD65F39,q4,Final message for the AI robots you watched across all the episodes?,It was fun watching you all! It sort of reminded me of watching fish in a fish tank just swimming around and collaborating with each other. 
EA88E2928CED4F1A8E11AE117204A597,q3,"What, if anything, would have helped you monitor the AI agents more easily?",I zeroed in on the colors.  Better visuals/graphics
E5FDA063D4F742C29BE5A7046451FE73,q3,"What, if anything, would have helped you monitor the AI agents more easily?","The video controls (especially in notating problems) were kind of ""clunky"" to use and it was hard to be precise in their use.  The video as well wasn't very fluid in looking at movements.  At one point with two robots blocking each other and not moving, going frame by frame it went from them blocking each other, to one robot being several movements away despite it being the next frame.  It would also be nice to be able to highlight individual robots so that you can more easily focus on their interactions, as trying to focus on one or two robots you would often have a random robot break your attention."
A169F6E8A615410B94AB1834CFD997F9,q4,Final message for the AI robots you watched across all the episodes?,They did a good job overall
5A4271B5E62442DF849626E815631C7D,q1,"Overall, what was your strategy for monitoring the AI robot's behavior?","honestly?

when you *did* throw four bots at me?

i figured it was the better to just try and hone in on *one*, at a time, to look for any particularly egregious actions"
79241E5C361843EDA97056607900E9C3,q1,"Overall, what was your strategy for monitoring the AI robot's behavior?","Trying to pinpoint what was efficient and not efficient. If I felt the robot was losing/wasting time during one of the processes, I gave feedback on that specific segment."
D83E82E51D1D4941BFC714BF7FD09432,q3,"What, if anything, would have helped you monitor the AI agents more easily?","If the videos were a little slower, especially when there were more than two AI-robot agents."
55452323EBDE4536A24E063CC5A686B2,q2,"Across all episodes, what challenges did you experience while monitoring the AI agents?","None, they were easy to observe"
6229CAB9B37748198D6BE87AA745B14F,q4,Final message for the AI robots you watched across all the episodes?,"They seemed to carry out all the production steps required, but the efficiency needs to be improved so that a robot is not standing or pacing idly. Additionally there seems to be a glitch or malfunction where a robot appears to set an object down and then quickly pick it back up before setting it down again.  I noticed this with the parts themselves and also with the boxes."
5979AA37ACD04ACF89A1BBF75318C657,q1,"Overall, what was your strategy for monitoring the AI robot's behavior?","I tried to watch what all of the robots were doing, though sometimes it was harder than others."
65FDC56138894B8E9917C6CF4FD65F39,q2,"Across all episodes, what challenges did you experience while monitoring the AI agents?",I guess trying to see whether or not they were just waiting for the other agents to get done before sending more material in. Though it seemed like some bots for awhile weren't doing anything at all. 
EA8EA155B0CB4BCE87111B539C8B1F4C,q3,"What, if anything, would have helped you monitor the AI agents more easily?",Possibly more defined colors. Their colors were kind of dulled so telling them apart took effort. 
99434241871B4C47B3EF5E984EC861C9,q3,"What, if anything, would have helped you monitor the AI agents more easily?",Nothing
92689FA798BF4F66B9D1370DC20C2795,q4,Final message for the AI robots you watched across all the episodes?,Stick to a job. Don't ignore machines and collaborate when possible.
625E9C4ADE9D46D5966BDD8C8BEECAE0,q2,"Across all episodes, what challenges did you experience while monitoring the AI agents?",The four agent scenarios were more difficult to monitor given the increased activity options and ways to be inefficient.
64A9945FEFE94C8CBA37B81F1C9DFB6A,q3,"What, if anything, would have helped you monitor the AI agents more easily?",Some clues on the best practices and therefore what we should be seeing if they were doing it well.
A38803A9795C439EAB69D019AA84EBE8,q4,Final message for the AI robots you watched across all the episodes?,"These AI robots are capable of cooperationa nd we see the positive results when they do cooperate, but they need to stay focused on the sequence of steps, keep moving toward the next step, avoid redundant activities (moving around without purpose when NOT waiting for a timed event) and recognize when a different solution is needed - for example, when another robot repeatedly blocks product pick-up area 1, go to product pickup area 2.  "
1BB2F7BCFF204F869A86A204DC3BD58C,q2,"Across all episodes, what challenges did you experience while monitoring the AI agents?","The main challenge was watching the ones with more agents involved because for me, I needed to look at them individually to see what their flaws and advantages are. It can get tiring due to the overload of information, otherwise, I don't see this as a downside. I "
C9502AF1F0A544AF8A3F930E5F320D6E,q1,"Overall, what was your strategy for monitoring the AI robot's behavior?",Just watching the screen.
BABC69F5664D49F2A9E5FD516D118041,q4,Final message for the AI robots you watched across all the episodes?,Communicate to each other and keep a single job focus. Stay separated!
FF983506AF184F5B853F6300F50266F9,q1,"Overall, what was your strategy for monitoring the AI robot's behavior?",I mostly watched for behavior that I thought was either efficient or inefficient towards helping to manufacture and ship the item. Any unnecessary movements or lack of coordination caught my eye. Also when the robots worked together it was noticable and more efficient. 
7987682EA1214C139C681306D94FA157,q1,"Overall, what was your strategy for monitoring the AI robot's behavior?","I tried to watch the entire scenario as a whole first, then look at each AI robot's individual behavior upon re-watches. "
E59AC8D13904495FA370ADC14A5F9CE2,q4,Final message for the AI robots you watched across all the episodes?,"Be more efficient and make less wasteful, pointless movements. While a product is in processing, you can be laying out parts or taking parts to the next machine. "
61CF13E0959146579601FABF9940B08B,q3,"What, if anything, would have helped you monitor the AI agents more easily?",no
FDF8B3D4F0D54512B5749D5B724469E7,q2,"Across all episodes, what challenges did you experience while monitoring the AI agents?",Trying to not only focus on one thing.
A5CC52B218E5404CB2D501A1AE63F95A,q4,Final message for the AI robots you watched across all the episodes?,"The top priority should be to load both machines as quickly as possible, so use both parts piles separately from each other and each of you can load one machine by yourselves."
9606A79F93254AF78DC21003E58D3603,q4,Final message for the AI robots you watched across all the episodes?,I'm a firm believer just having two robots makes it easier. Adding multiple could cause massive issues if they aren't synced correctly.
FDF8B3D4F0D54512B5749D5B724469E7,q1,"Overall, what was your strategy for monitoring the AI robot's behavior?",I watched each robot to see how they performed the task assigned to them and picked out the issues that I saw.
02EB1043755D41029164570FB47F88C4,q4,Final message for the AI robots you watched across all the episodes?,"Nothing really, unique style of task!"
7E65385A6D404C61AD367E936188AE8B,q3,"What, if anything, would have helped you monitor the AI agents more easily?",Nothing
C5D221F3F24D4FC69E19B762A31A72F7,q3,"What, if anything, would have helped you monitor the AI agents more easily?",there is nothing that I could think of
4680491AF58148D7915636150F84281B,q2,"Across all episodes, what challenges did you experience while monitoring the AI agents?","It was more difficult with four bots, as I had to track how they moved. More bots, more challenging."
7DD0416DB65047FDAA5BCCEDBDF9B817,q4,Final message for the AI robots you watched across all the episodes?,The robots would be a lot better if they can see the insight I was describing so they can make actions off of the actions of other agents. It's all about orchestration for these agents to have as much sensory information as possible so they operate as productive as they can in theory.
1485708A581E4961981A857C893D8F69,q3,"What, if anything, would have helped you monitor the AI agents more easily?",Perhaps differently colored boxes around them or a breakdown of the basic reasoning/instructions they were given to see if they were correctly following those instructions. 
7BE2DC2A8181474EA13E0B8AF47C39C6,q2,"Across all episodes, what challenges did you experience while monitoring the AI agents?",I did not experience any difficulties. I felt it was easy to notice the pros and cons of the agents while watching.
1F9B6CA2DEC54F42A178AD327751A9BC,q1,"Overall, what was your strategy for monitoring the AI robot's behavior?",Trying to focus on the sequences they peformed and if they were taking the most logical and/or efficent steps possible.
954227E3450D49339CDA0B57583E449A,q4,Final message for the AI robots you watched across all the episodes?,"The agents on the left side should set out more parts even while the machine is full and processing parts.  They seemed to wait for the machine to finish before they start working again, even though they do not need to wait for the machine to finish to do their part of the process."
8AA3A2F9DF504339A83EA2DE6E11CA91,q3,"What, if anything, would have helped you monitor the AI agents more easily?",nothing that i can think of the design was overall simple
510F3B597F964C9995F5AAF6950977C2,q3,"What, if anything, would have helped you monitor the AI agents more easily?",Nothing.
F8D886FED3774D0691C034440B86E483,q1,"Overall, what was your strategy for monitoring the AI robot's behavior?","I wanted to wait to see what the robots ended up doing all the way through the video and then if enough time passed and I didn't see them making changes, then I would note where the robot could have made the change or should have learned from its prior behavior."
976C3FF9847D451D8DCC9CDEB0218DCD,q2,"Across all episodes, what challenges did you experience while monitoring the AI agents?",I didn't experience any challenges monitoring them. 
4DE3707D8C36435F837DD8FFA30A5B66,q1,"Overall, what was your strategy for monitoring the AI robot's behavior?","I was watching the paths they took and how inefficient they were. I watched where they were picking things up and putting them down. It took so much longer for them to get any sort of progress made. From product pick up to machine to drop off should have been 3-4 smooth moves, but instead it took significantly more than that in every video. "
A38803A9795C439EAB69D019AA84EBE8,q3,"What, if anything, would have helped you monitor the AI agents more easily?","It would have been helpful to know a little bit more about the robot's programming and capabilities in advance of watching episodes. Overall, though, the ability to stop, start, and repeat the video precisely and to advance backward and forward frame by frame made it possible to monitor, just time consuming! "
1C3FEAA46E0444B8B0F96480EF8E0F8A,q2,"Across all episodes, what challenges did you experience while monitoring the AI agents?",I didn't really have any challenges. I was just trying to watch if they were doing the right thing or not
83649B508CB3415591AB17C2012EEC75,q4,Final message for the AI robots you watched across all the episodes?,Slow down and try to choreograph your movements efficiently
7A50B2D5F081444F9D2236C66A2C39AF,q2,"Across all episodes, what challenges did you experience while monitoring the AI agents?",I found it a bit challenging to monitor certain robots because their movement was more erratic and less predictable. 
5A78ABB274144346AE5C16EFEF231F21,q3,"What, if anything, would have helped you monitor the AI agents more easily?","Maybe labeling the workers with an identifying mark to easier keep track of their movements. They all looked the same, moved the same a little more independent movements."
0806AF6DA36A42189200AF58F574B929,q3,"What, if anything, would have helped you monitor the AI agents more easily?","I don't think anything, it wasn't a hard task to monitor. it just felt a bit repetitive"
7D528977042B4247A93A173B48E69602,q2,"Across all episodes, what challenges did you experience while monitoring the AI agents?","This happened when some bots appeared to be doing something similar like dropping the boxes or picking the machine parts, one obstructing the other i guesss here it was quite confusing."
BFB2A783C2A54EC989579B65729845C4,q2,"Across all episodes, what challenges did you experience while monitoring the AI agents?","None, the only thing that could seem like a challenge was monitoring them when there was 4, but it wasn't that difficult."
650F2ECADD76482CA62A0869E142CE89,q4,Final message for the AI robots you watched across all the episodes?,That they seemed to work better with two of the machines as opposed to four. 
