assignment_id,group,Map 1,Map 2,Map 3,Map 4,Map group,hasStarted,hasFinished
L001,Low,2_forced_hard_seed1_4520000_40.json,2_forced_hard_4_seed3_9520000_40.json,2_incentivized_hard_seed1_1020000_60.json,2_incentivized_hard_4_seed1_2020000_60.json,O1,FALSE,FALSE
L002,Low,2_forced_hard_seed1_4520000_40.json,2_forced_hard_4_seed3_9520000_40.json,2_incentivized_hard_seed1_1020000_60.json,2_incentivized_hard_4_seed1_2020000_60.json,O1,FALSE,FALSE
L003,Low,2_forced_hard_4_seed3_9520000_40.json,2_incentivized_hard_seed1_1020000_60.json,2_incentivized_hard_4_seed1_2020000_60.json,2_forced_hard_seed1_4520000_40.json,O2,FALSE,FALSE
L004,Low,2_forced_hard_4_seed3_9520000_40.json,2_incentivized_hard_seed1_1020000_60.json,2_incentivized_hard_4_seed1_2020000_60.json,2_forced_hard_seed1_4520000_40.json,O2,FALSE,FALSE
L005,Low,2_incentivized_hard_seed1_1020000_60.json,2_incentivized_hard_4_seed1_2020000_60.json,2_forced_hard_seed1_4520000_40.json,2_forced_hard_4_seed3_9520000_40.json,O3,FALSE,FALSE
L006,Low,2_incentivized_hard_seed1_1020000_60.json,2_incentivized_hard_4_seed1_2020000_60.json,2_forced_hard_seed1_4520000_40.json,2_forced_hard_4_seed3_9520000_40.json,O3,FALSE,FALSE
L007,Low,2_incentivized_hard_4_seed1_2020000_60.json,2_forced_hard_seed1_4520000_40.json,2_forced_hard_4_seed3_9520000_40.json,2_incentivized_hard_seed1_1020000_60.json,O4,FALSE,FALSE
L008,Low,2_incentivized_hard_4_seed1_2020000_60.json,2_forced_hard_seed1_4520000_40.json,2_forced_hard_4_seed3_9520000_40.json,2_incentivized_hard_seed1_1020000_60.json,O4,FALSE,FALSE
L009,Low,2_forced_hard_seed2_3520000_40.json,2_forced_hard_4_seed3_10000000_40.json,2_incentivized_hard_seed2_1220000_60.json,2_incentivized_hard_4_seed3_1820000_40.json,O1,FALSE,FALSE
L010,Low,2_forced_hard_seed2_3520000_40.json,2_forced_hard_4_seed3_10000000_40.json,2_incentivized_hard_seed2_1220000_60.json,2_incentivized_hard_4_seed3_1820000_40.json,O1,FALSE,FALSE
L011,Low,2_forced_hard_4_seed3_10000000_40.json,2_incentivized_hard_seed2_1220000_60.json,2_incentivized_hard_4_seed3_1820000_40.json,2_forced_hard_seed2_3520000_40.json,O2,FALSE,FALSE
L012,Low,2_forced_hard_4_seed3_10000000_40.json,2_incentivized_hard_seed2_1220000_60.json,2_incentivized_hard_4_seed3_1820000_40.json,2_forced_hard_seed2_3520000_40.json,O2,FALSE,FALSE
L013,Low,2_incentivized_hard_seed2_1220000_60.json,2_incentivized_hard_4_seed3_1820000_40.json,2_forced_hard_seed2_3520000_40.json,2_forced_hard_4_seed3_10000000_40.json,O3,FALSE,FALSE
L014,Low,2_incentivized_hard_seed2_1220000_60.json,2_incentivized_hard_4_seed3_1820000_40.json,2_forced_hard_seed2_3520000_40.json,2_forced_hard_4_seed3_10000000_40.json,O3,FALSE,FALSE
L015,Low,2_incentivized_hard_4_seed3_1820000_40.json,2_forced_hard_seed2_3520000_40.json,2_forced_hard_4_seed3_10000000_40.json,2_incentivized_hard_seed2_1220000_60.json,O4,FALSE,FALSE
L016,Low,2_incentivized_hard_4_seed3_1820000_40.json,2_forced_hard_seed2_3520000_40.json,2_forced_hard_4_seed3_10000000_40.json,2_incentivized_hard_seed2_1220000_60.json,O4,FALSE,FALSE
L017,Low,2_forced_hard_seed3_4520000_40.json,2_forced_hard_4_seed4_9020000_40.json,2_incentivized_hard_seed3_780000_40.json,2_incentivized_hard_4_seed5_1520000_40.json,O1,FALSE,FALSE
L018,Low,2_forced_hard_seed3_4520000_40.json,2_forced_hard_4_seed4_9020000_40.json,2_incentivized_hard_seed3_780000_40.json,2_incentivized_hard_4_seed5_1520000_40.json,O1,FALSE,FALSE
L019,Low,2_forced_hard_4_seed4_9020000_40.json,2_incentivized_hard_seed3_780000_40.json,2_incentivized_hard_4_seed5_1520000_40.json,2_forced_hard_seed3_4520000_40.json,O2,FALSE,FALSE
L020,Low,2_forced_hard_4_seed4_9020000_40.json,2_incentivized_hard_seed3_780000_40.json,2_incentivized_hard_4_seed5_1520000_40.json,2_forced_hard_seed3_4520000_40.json,O2,FALSE,FALSE
L021,Low,2_incentivized_hard_seed3_780000_40.json,2_incentivized_hard_4_seed5_1520000_40.json,2_forced_hard_seed3_4520000_40.json,2_forced_hard_4_seed4_9020000_40.json,O3,FALSE,FALSE
L022,Low,2_incentivized_hard_seed3_780000_40.json,2_incentivized_hard_4_seed5_1520000_40.json,2_forced_hard_seed3_4520000_40.json,2_forced_hard_4_seed4_9020000_40.json,O3,FALSE,FALSE
L023,Low,2_incentivized_hard_4_seed5_1520000_40.json,2_forced_hard_seed3_4520000_40.json,2_forced_hard_4_seed4_9020000_40.json,2_incentivized_hard_seed3_780000_40.json,O4,FALSE,FALSE
L024,Low,2_incentivized_hard_4_seed5_1520000_40.json,2_forced_hard_seed3_4520000_40.json,2_forced_hard_4_seed4_9020000_40.json,2_incentivized_hard_seed3_780000_40.json,O4,FALSE,FALSE
L025,Low,2_forced_hard_seed3_5020000_40.json,2_forced_hard_4_seed6_10000000_40.json,2_incentivized_hard_seed3_1220000_60.json,2_incentivized_hard_4_seed5_2020000_40.json,O1,FALSE,FALSE
L026,Low,2_forced_hard_seed3_5020000_40.json,2_forced_hard_4_seed6_10000000_40.json,2_incentivized_hard_seed3_1220000_60.json,2_incentivized_hard_4_seed5_2020000_40.json,O1,FALSE,FALSE
L027,Low,2_forced_hard_4_seed6_10000000_40.json,2_incentivized_hard_seed3_1220000_60.json,2_incentivized_hard_4_seed5_2020000_40.json,2_forced_hard_seed3_5020000_40.json,O2,FALSE,FALSE
L028,Low,2_forced_hard_4_seed6_10000000_40.json,2_incentivized_hard_seed3_1220000_60.json,2_incentivized_hard_4_seed5_2020000_40.json,2_forced_hard_seed3_5020000_40.json,O2,FALSE,FALSE
L029,Low,2_incentivized_hard_seed3_1220000_60.json,2_incentivized_hard_4_seed5_2020000_40.json,2_forced_hard_seed3_5020000_40.json,2_forced_hard_4_seed6_10000000_40.json,O3,FALSE,FALSE
L030,Low,2_incentivized_hard_seed3_1220000_60.json,2_incentivized_hard_4_seed5_2020000_40.json,2_forced_hard_seed3_5020000_40.json,2_forced_hard_4_seed6_10000000_40.json,O3,FALSE,FALSE
L031,Low,2_incentivized_hard_4_seed5_2020000_40.json,2_forced_hard_seed3_5020000_40.json,2_forced_hard_4_seed6_10000000_40.json,2_incentivized_hard_seed3_1220000_60.json,O4,FALSE,FALSE
L032,Low,2_incentivized_hard_4_seed5_2020000_40.json,2_forced_hard_seed3_5020000_40.json,2_forced_hard_4_seed6_10000000_40.json,2_incentivized_hard_seed3_1220000_60.json,O4,FALSE,FALSE
L033,Low,2_forced_hard_seed4_3520000_40.json,2_forced_hard_4_seed7_8520000_40.json,2_incentivized_hard_seed4_1020000_40.json,2_incentivized_hard_4_seed6_2520000_40.json,O1,FALSE,FALSE
L034,Low,2_forced_hard_seed4_3520000_40.json,2_forced_hard_4_seed7_8520000_40.json,2_incentivized_hard_seed4_1020000_40.json,2_incentivized_hard_4_seed6_2520000_40.json,O1,FALSE,FALSE
L035,Low,2_forced_hard_4_seed7_8520000_40.json,2_incentivized_hard_seed4_1020000_40.json,2_incentivized_hard_4_seed6_2520000_40.json,2_forced_hard_seed4_3520000_40.json,O2,FALSE,FALSE
L036,Low,2_forced_hard_4_seed7_8520000_40.json,2_incentivized_hard_seed4_1020000_40.json,2_incentivized_hard_4_seed6_2520000_40.json,2_forced_hard_seed4_3520000_40.json,O2,FALSE,FALSE
L037,Low,2_incentivized_hard_seed4_1020000_40.json,2_incentivized_hard_4_seed6_2520000_40.json,2_forced_hard_seed4_3520000_40.json,2_forced_hard_4_seed7_8520000_40.json,O3,FALSE,FALSE
L038,Low,2_incentivized_hard_seed4_1020000_40.json,2_incentivized_hard_4_seed6_2520000_40.json,2_forced_hard_seed4_3520000_40.json,2_forced_hard_4_seed7_8520000_40.json,O3,FALSE,FALSE
L039,Low,2_incentivized_hard_4_seed6_2520000_40.json,2_forced_hard_seed4_3520000_40.json,2_forced_hard_4_seed7_8520000_40.json,2_incentivized_hard_seed4_1020000_40.json,O4,FALSE,FALSE
L040,Low,2_incentivized_hard_4_seed6_2520000_40.json,2_forced_hard_seed4_3520000_40.json,2_forced_hard_4_seed7_8520000_40.json,2_incentivized_hard_seed4_1020000_40.json,O4,FALSE,FALSE
L041,Low,2_forced_hard_seed7_3520000_40.json,2_forced_hard_4_seed12_10000000_40.json,2_incentivized_hard_seed4_1120000_60.json,2_incentivized_hard_4_seed7_1720000_40.json,O1,FALSE,FALSE
L042,Low,2_forced_hard_seed7_3520000_40.json,2_forced_hard_4_seed12_10000000_40.json,2_incentivized_hard_seed4_1120000_60.json,2_incentivized_hard_4_seed7_1720000_40.json,O1,FALSE,FALSE
L043,Low,2_forced_hard_4_seed12_10000000_40.json,2_incentivized_hard_seed4_1120000_60.json,2_incentivized_hard_4_seed7_1720000_40.json,2_forced_hard_seed7_3520000_40.json,O2,FALSE,FALSE
L044,Low,2_forced_hard_4_seed12_10000000_40.json,2_incentivized_hard_seed4_1120000_60.json,2_incentivized_hard_4_seed7_1720000_40.json,2_forced_hard_seed7_3520000_40.json,O2,FALSE,FALSE
L045,Low,2_incentivized_hard_seed4_1120000_60.json,2_incentivized_hard_4_seed7_1720000_40.json,2_forced_hard_seed7_3520000_40.json,2_forced_hard_4_seed12_10000000_40.json,O3,FALSE,FALSE
L046,Low,2_incentivized_hard_seed4_1120000_60.json,2_incentivized_hard_4_seed7_1720000_40.json,2_forced_hard_seed7_3520000_40.json,2_forced_hard_4_seed12_10000000_40.json,O3,FALSE,FALSE
L047,Low,2_incentivized_hard_4_seed7_1720000_40.json,2_forced_hard_seed7_3520000_40.json,2_forced_hard_4_seed12_10000000_40.json,2_incentivized_hard_seed4_1120000_60.json,O4,FALSE,FALSE
L048,Low,2_incentivized_hard_4_seed7_1720000_40.json,2_forced_hard_seed7_3520000_40.json,2_forced_hard_4_seed12_10000000_40.json,2_incentivized_hard_seed4_1120000_60.json,O4,FALSE,FALSE
L049,Low,2_forced_hard_seed15_5520000_40.json,2_forced_hard_4_seed13_9520000_40.json,2_incentivized_hard_seed6_980000_60.json,2_incentivized_hard_4_seed8_1820000_60.json,O1,FALSE,FALSE
L050,Low,2_forced_hard_seed15_5520000_40.json,2_forced_hard_4_seed13_9520000_40.json,2_incentivized_hard_seed6_980000_60.json,2_incentivized_hard_4_seed8_1820000_60.json,O1,FALSE,FALSE
L051,Low,2_forced_hard_4_seed13_9520000_40.json,2_incentivized_hard_seed6_980000_60.json,2_incentivized_hard_4_seed8_1820000_60.json,2_forced_hard_seed15_5520000_40.json,O2,FALSE,FALSE
L052,Low,2_forced_hard_4_seed13_9520000_40.json,2_incentivized_hard_seed6_980000_60.json,2_incentivized_hard_4_seed8_1820000_60.json,2_forced_hard_seed15_5520000_40.json,O2,FALSE,FALSE
L053,Low,2_incentivized_hard_seed6_980000_60.json,2_incentivized_hard_4_seed8_1820000_60.json,2_forced_hard_seed15_5520000_40.json,2_forced_hard_4_seed13_9520000_40.json,O3,FALSE,FALSE
L054,Low,2_incentivized_hard_seed6_980000_60.json,2_incentivized_hard_4_seed8_1820000_60.json,2_forced_hard_seed15_5520000_40.json,2_forced_hard_4_seed13_9520000_40.json,O3,FALSE,FALSE
L055,Low,2_incentivized_hard_4_seed8_1820000_60.json,2_forced_hard_seed15_5520000_40.json,2_forced_hard_4_seed13_9520000_40.json,2_incentivized_hard_seed6_980000_60.json,O4,FALSE,FALSE
L056,Low,2_incentivized_hard_4_seed8_1820000_60.json,2_forced_hard_seed15_5520000_40.json,2_forced_hard_4_seed13_9520000_40.json,2_incentivized_hard_seed6_980000_60.json,O4,FALSE,FALSE
L057,Low,2_forced_hard_seed17_2020000_40.json,2_forced_hard_4_seed14_9020000_40.json,2_incentivized_hard_seed7_980000_40.json,2_incentivized_hard_4_seed8_2020000_40.json,O1,FALSE,FALSE
L058,Low,2_forced_hard_seed17_2020000_40.json,2_forced_hard_4_seed14_9020000_40.json,2_incentivized_hard_seed7_980000_40.json,2_incentivized_hard_4_seed8_2020000_40.json,O1,FALSE,FALSE
L059,Low,2_forced_hard_4_seed14_9020000_40.json,2_incentivized_hard_seed7_980000_40.json,2_incentivized_hard_4_seed8_2020000_40.json,2_forced_hard_seed17_2020000_40.json,O2,FALSE,FALSE
L060,Low,2_forced_hard_4_seed14_9020000_40.json,2_incentivized_hard_seed7_980000_40.json,2_incentivized_hard_4_seed8_2020000_40.json,2_forced_hard_seed17_2020000_40.json,O2,FALSE,FALSE
L061,Low,2_incentivized_hard_seed7_980000_40.json,2_incentivized_hard_4_seed8_2020000_40.json,2_forced_hard_seed17_2020000_40.json,2_forced_hard_4_seed14_9020000_40.json,O3,FALSE,FALSE
L062,Low,2_incentivized_hard_seed7_980000_40.json,2_incentivized_hard_4_seed8_2020000_40.json,2_forced_hard_seed17_2020000_40.json,2_forced_hard_4_seed14_9020000_40.json,O3,FALSE,FALSE
L063,Low,2_incentivized_hard_4_seed8_2020000_40.json,2_forced_hard_seed17_2020000_40.json,2_forced_hard_4_seed14_9020000_40.json,2_incentivized_hard_seed7_980000_40.json,O4,FALSE,FALSE
L064,Low,2_incentivized_hard_4_seed8_2020000_40.json,2_forced_hard_seed17_2020000_40.json,2_forced_hard_4_seed14_9020000_40.json,2_incentivized_hard_seed7_980000_40.json,O4,FALSE,FALSE
L065,Low,2_forced_hard_seed17_2520000_40.json,2_forced_hard_4_seed20_8520000_40.json,2_incentivized_hard_seed7_1020000_60.json,2_incentivized_hard_4_seed8_7020000_60.json,O1,FALSE,FALSE
L066,Low,2_forced_hard_seed17_2520000_40.json,2_forced_hard_4_seed20_8520000_40.json,2_incentivized_hard_seed7_1020000_60.json,2_incentivized_hard_4_seed8_7020000_60.json,O1,FALSE,FALSE
L067,Low,2_forced_hard_4_seed20_8520000_40.json,2_incentivized_hard_seed7_1020000_60.json,2_incentivized_hard_4_seed8_7020000_60.json,2_forced_hard_seed17_2520000_40.json,O2,FALSE,FALSE
L068,Low,2_forced_hard_4_seed20_8520000_40.json,2_incentivized_hard_seed7_1020000_60.json,2_incentivized_hard_4_seed8_7020000_60.json,2_forced_hard_seed17_2520000_40.json,O2,FALSE,FALSE
L069,Low,2_incentivized_hard_seed7_1020000_60.json,2_incentivized_hard_4_seed8_7020000_60.json,2_forced_hard_seed17_2520000_40.json,2_forced_hard_4_seed20_8520000_40.json,O3,FALSE,FALSE
L070,Low,2_incentivized_hard_seed7_1020000_60.json,2_incentivized_hard_4_seed8_7020000_60.json,2_forced_hard_seed17_2520000_40.json,2_forced_hard_4_seed20_8520000_40.json,O3,FALSE,FALSE
L071,Low,2_incentivized_hard_4_seed8_7020000_60.json,2_forced_hard_seed17_2520000_40.json,2_forced_hard_4_seed20_8520000_40.json,2_incentivized_hard_seed7_1020000_60.json,O4,FALSE,FALSE
L072,Low,2_incentivized_hard_4_seed8_7020000_60.json,2_forced_hard_seed17_2520000_40.json,2_forced_hard_4_seed20_8520000_40.json,2_incentivized_hard_seed7_1020000_60.json,O4,FALSE,FALSE
M001,Mid,2_forced_hard_seed1_5020000_60.json,2_forced_hard_4_seed1_9520000_60.json,2_incentivized_hard_seed1_2020000_60.json,2_incentivized_hard_4_seed1_3520000_80.json,O1,FALSE,FALSE
M002,Mid,2_forced_hard_seed1_5020000_60.json,2_forced_hard_4_seed1_9520000_60.json,2_incentivized_hard_seed1_2020000_60.json,2_incentivized_hard_4_seed1_3520000_80.json,O1,FALSE,FALSE
M003,Mid,2_forced_hard_4_seed1_9520000_60.json,2_incentivized_hard_seed1_2020000_60.json,2_incentivized_hard_4_seed1_3520000_80.json,2_forced_hard_seed1_5020000_60.json,O2,FALSE,FALSE
M004,Mid,2_forced_hard_4_seed1_9520000_60.json,2_incentivized_hard_seed1_2020000_60.json,2_incentivized_hard_4_seed1_3520000_80.json,2_forced_hard_seed1_5020000_60.json,O2,FALSE,FALSE
M005,Mid,2_incentivized_hard_seed1_2020000_60.json,2_incentivized_hard_4_seed1_3520000_80.json,2_forced_hard_seed1_5020000_60.json,2_forced_hard_4_seed1_9520000_60.json,O3,FALSE,FALSE
M006,Mid,2_incentivized_hard_seed1_2020000_60.json,2_incentivized_hard_4_seed1_3520000_80.json,2_forced_hard_seed1_5020000_60.json,2_forced_hard_4_seed1_9520000_60.json,O3,FALSE,FALSE
M007,Mid,2_incentivized_hard_4_seed1_3520000_80.json,2_forced_hard_seed1_5020000_60.json,2_forced_hard_4_seed1_9520000_60.json,2_incentivized_hard_seed1_2020000_60.json,O4,FALSE,FALSE
M008,Mid,2_incentivized_hard_4_seed1_3520000_80.json,2_forced_hard_seed1_5020000_60.json,2_forced_hard_4_seed1_9520000_60.json,2_incentivized_hard_seed1_2020000_60.json,O4,FALSE,FALSE
M009,Mid,2_forced_hard_seed2_4520000_60.json,2_forced_hard_4_seed4_9520000_60.json,2_incentivized_hard_seed3_2520000_60.json,2_incentivized_hard_4_seed2_2520000_80.json,O1,FALSE,FALSE
M010,Mid,2_forced_hard_seed2_4520000_60.json,2_forced_hard_4_seed4_9520000_60.json,2_incentivized_hard_seed3_2520000_60.json,2_incentivized_hard_4_seed2_2520000_80.json,O1,FALSE,FALSE
M011,Mid,2_forced_hard_4_seed4_9520000_60.json,2_incentivized_hard_seed3_2520000_60.json,2_incentivized_hard_4_seed2_2520000_80.json,2_forced_hard_seed2_4520000_60.json,O2,FALSE,FALSE
M012,Mid,2_forced_hard_4_seed4_9520000_60.json,2_incentivized_hard_seed3_2520000_60.json,2_incentivized_hard_4_seed2_2520000_80.json,2_forced_hard_seed2_4520000_60.json,O2,FALSE,FALSE
M013,Mid,2_incentivized_hard_seed3_2520000_60.json,2_incentivized_hard_4_seed2_2520000_80.json,2_forced_hard_seed2_4520000_60.json,2_forced_hard_4_seed4_9520000_60.json,O3,FALSE,FALSE
M014,Mid,2_incentivized_hard_seed3_2520000_60.json,2_incentivized_hard_4_seed2_2520000_80.json,2_forced_hard_seed2_4520000_60.json,2_forced_hard_4_seed4_9520000_60.json,O3,FALSE,FALSE
M015,Mid,2_incentivized_hard_4_seed2_2520000_80.json,2_forced_hard_seed2_4520000_60.json,2_forced_hard_4_seed4_9520000_60.json,2_incentivized_hard_seed3_2520000_60.json,O4,FALSE,FALSE
M016,Mid,2_incentivized_hard_4_seed2_2520000_80.json,2_forced_hard_seed2_4520000_60.json,2_forced_hard_4_seed4_9520000_60.json,2_incentivized_hard_seed3_2520000_60.json,O4,FALSE,FALSE
M017,Mid,2_forced_hard_seed3_5520000_60.json,2_forced_hard_4_seed4_10000000_60.json,2_incentivized_hard_seed4_2020000_60.json,2_incentivized_hard_4_seed4_3520000_80.json,O1,FALSE,FALSE
M018,Mid,2_forced_hard_seed3_5520000_60.json,2_forced_hard_4_seed4_10000000_60.json,2_incentivized_hard_seed4_2020000_60.json,2_incentivized_hard_4_seed4_3520000_80.json,O1,FALSE,FALSE
M019,Mid,2_forced_hard_4_seed4_10000000_60.json,2_incentivized_hard_seed4_2020000_60.json,2_incentivized_hard_4_seed4_3520000_80.json,2_forced_hard_seed3_5520000_60.json,O2,FALSE,FALSE
M020,Mid,2_forced_hard_4_seed4_10000000_60.json,2_incentivized_hard_seed4_2020000_60.json,2_incentivized_hard_4_seed4_3520000_80.json,2_forced_hard_seed3_5520000_60.json,O2,FALSE,FALSE
M021,Mid,2_incentivized_hard_seed4_2020000_60.json,2_incentivized_hard_4_seed4_3520000_80.json,2_forced_hard_seed3_5520000_60.json,2_forced_hard_4_seed4_10000000_60.json,O3,FALSE,FALSE
M022,Mid,2_incentivized_hard_seed4_2020000_60.json,2_incentivized_hard_4_seed4_3520000_80.json,2_forced_hard_seed3_5520000_60.json,2_forced_hard_4_seed4_10000000_60.json,O3,FALSE,FALSE
M023,Mid,2_incentivized_hard_4_seed4_3520000_80.json,2_forced_hard_seed3_5520000_60.json,2_forced_hard_4_seed4_10000000_60.json,2_incentivized_hard_seed4_2020000_60.json,O4,FALSE,FALSE
M024,Mid,2_incentivized_hard_4_seed4_3520000_80.json,2_forced_hard_seed3_5520000_60.json,2_forced_hard_4_seed4_10000000_60.json,2_incentivized_hard_seed4_2020000_60.json,O4,FALSE,FALSE
M025,Mid,2_forced_hard_seed4_4020000_60.json,2_forced_hard_4_seed7_9020000_60.json,2_incentivized_hard_seed5_3020000_60.json,2_incentivized_hard_4_seed5_2520000_80.json,O1,FALSE,FALSE
M026,Mid,2_forced_hard_seed4_4020000_60.json,2_forced_hard_4_seed7_9020000_60.json,2_incentivized_hard_seed5_3020000_60.json,2_incentivized_hard_4_seed5_2520000_80.json,O1,FALSE,FALSE
M027,Mid,2_forced_hard_4_seed7_9020000_60.json,2_incentivized_hard_seed5_3020000_60.json,2_incentivized_hard_4_seed5_2520000_80.json,2_forced_hard_seed4_4020000_60.json,O2,FALSE,FALSE
M028,Mid,2_forced_hard_4_seed7_9020000_60.json,2_incentivized_hard_seed5_3020000_60.json,2_incentivized_hard_4_seed5_2520000_80.json,2_forced_hard_seed4_4020000_60.json,O2,FALSE,FALSE
M029,Mid,2_incentivized_hard_seed5_3020000_60.json,2_incentivized_hard_4_seed5_2520000_80.json,2_forced_hard_seed4_4020000_60.json,2_forced_hard_4_seed7_9020000_60.json,O3,FALSE,FALSE
M030,Mid,2_incentivized_hard_seed5_3020000_60.json,2_incentivized_hard_4_seed5_2520000_80.json,2_forced_hard_seed4_4020000_60.json,2_forced_hard_4_seed7_9020000_60.json,O3,FALSE,FALSE
M031,Mid,2_incentivized_hard_4_seed5_2520000_80.json,2_forced_hard_seed4_4020000_60.json,2_forced_hard_4_seed7_9020000_60.json,2_incentivized_hard_seed5_3020000_60.json,O4,FALSE,FALSE
M032,Mid,2_incentivized_hard_4_seed5_2520000_80.json,2_forced_hard_seed4_4020000_60.json,2_forced_hard_4_seed7_9020000_60.json,2_incentivized_hard_seed5_3020000_60.json,O4,FALSE,FALSE
M033,Mid,2_forced_hard_seed6_6520000_60.json,2_forced_hard_4_seed9_8020000_60.json,2_incentivized_hard_seed5_3520000_60.json,2_incentivized_hard_4_seed6_3020000_80.json,O1,FALSE,FALSE
M034,Mid,2_forced_hard_seed6_6520000_60.json,2_forced_hard_4_seed9_8020000_60.json,2_incentivized_hard_seed5_3520000_60.json,2_incentivized_hard_4_seed6_3020000_80.json,O1,FALSE,FALSE
M035,Mid,2_forced_hard_4_seed9_8020000_60.json,2_incentivized_hard_seed5_3520000_60.json,2_incentivized_hard_4_seed6_3020000_80.json,2_forced_hard_seed6_6520000_60.json,O2,FALSE,FALSE
M036,Mid,2_forced_hard_4_seed9_8020000_60.json,2_incentivized_hard_seed5_3520000_60.json,2_incentivized_hard_4_seed6_3020000_80.json,2_forced_hard_seed6_6520000_60.json,O2,FALSE,FALSE
M037,Mid,2_incentivized_hard_seed5_3520000_60.json,2_incentivized_hard_4_seed6_3020000_80.json,2_forced_hard_seed6_6520000_60.json,2_forced_hard_4_seed9_8020000_60.json,O3,FALSE,FALSE
M038,Mid,2_incentivized_hard_seed5_3520000_60.json,2_incentivized_hard_4_seed6_3020000_80.json,2_forced_hard_seed6_6520000_60.json,2_forced_hard_4_seed9_8020000_60.json,O3,FALSE,FALSE
M039,Mid,2_incentivized_hard_4_seed6_3020000_80.json,2_forced_hard_seed6_6520000_60.json,2_forced_hard_4_seed9_8020000_60.json,2_incentivized_hard_seed5_3520000_60.json,O4,FALSE,FALSE
M040,Mid,2_incentivized_hard_4_seed6_3020000_80.json,2_forced_hard_seed6_6520000_60.json,2_forced_hard_4_seed9_8020000_60.json,2_incentivized_hard_seed5_3520000_60.json,O4,FALSE,FALSE
M041,Mid,2_forced_hard_seed7_4020000_60.json,2_forced_hard_4_seed11_9020000_60.json,2_incentivized_hard_seed6_2520000_60.json,2_incentivized_hard_4_seed6_4020000_80.json,O1,FALSE,FALSE
M042,Mid,2_forced_hard_seed7_4020000_60.json,2_forced_hard_4_seed11_9020000_60.json,2_incentivized_hard_seed6_2520000_60.json,2_incentivized_hard_4_seed6_4020000_80.json,O1,FALSE,FALSE
M043,Mid,2_forced_hard_4_seed11_9020000_60.json,2_incentivized_hard_seed6_2520000_60.json,2_incentivized_hard_4_seed6_4020000_80.json,2_forced_hard_seed7_4020000_60.json,O2,FALSE,FALSE
M044,Mid,2_forced_hard_4_seed11_9020000_60.json,2_incentivized_hard_seed6_2520000_60.json,2_incentivized_hard_4_seed6_4020000_80.json,2_forced_hard_seed7_4020000_60.json,O2,FALSE,FALSE
M045,Mid,2_incentivized_hard_seed6_2520000_60.json,2_incentivized_hard_4_seed6_4020000_80.json,2_forced_hard_seed7_4020000_60.json,2_forced_hard_4_seed11_9020000_60.json,O3,FALSE,FALSE
M046,Mid,2_incentivized_hard_seed6_2520000_60.json,2_incentivized_hard_4_seed6_4020000_80.json,2_forced_hard_seed7_4020000_60.json,2_forced_hard_4_seed11_9020000_60.json,O3,FALSE,FALSE
M047,Mid,2_incentivized_hard_4_seed6_4020000_80.json,2_forced_hard_seed7_4020000_60.json,2_forced_hard_4_seed11_9020000_60.json,2_incentivized_hard_seed6_2520000_60.json,O4,FALSE,FALSE
M048,Mid,2_incentivized_hard_4_seed6_4020000_80.json,2_forced_hard_seed7_4020000_60.json,2_forced_hard_4_seed11_9020000_60.json,2_incentivized_hard_seed6_2520000_60.json,O4,FALSE,FALSE
M049,Mid,2_forced_hard_seed8_3520000_60.json,2_forced_hard_4_seed13_10000000_60.json,2_incentivized_hard_seed7_2020000_60.json,2_incentivized_hard_4_seed7_3520000_80.json,O1,FALSE,FALSE
M050,Mid,2_forced_hard_seed8_3520000_60.json,2_forced_hard_4_seed13_10000000_60.json,2_incentivized_hard_seed7_2020000_60.json,2_incentivized_hard_4_seed7_3520000_80.json,O1,FALSE,FALSE
M051,Mid,2_forced_hard_4_seed13_10000000_60.json,2_incentivized_hard_seed7_2020000_60.json,2_incentivized_hard_4_seed7_3520000_80.json,2_forced_hard_seed8_3520000_60.json,O2,FALSE,FALSE
M052,Mid,2_forced_hard_4_seed13_10000000_60.json,2_incentivized_hard_seed7_2020000_60.json,2_incentivized_hard_4_seed7_3520000_80.json,2_forced_hard_seed8_3520000_60.json,O2,FALSE,FALSE
M053,Mid,2_incentivized_hard_seed7_2020000_60.json,2_incentivized_hard_4_seed7_3520000_80.json,2_forced_hard_seed8_3520000_60.json,2_forced_hard_4_seed13_10000000_60.json,O3,FALSE,FALSE
M054,Mid,2_incentivized_hard_seed7_2020000_60.json,2_incentivized_hard_4_seed7_3520000_80.json,2_forced_hard_seed8_3520000_60.json,2_forced_hard_4_seed13_10000000_60.json,O3,FALSE,FALSE
M055,Mid,2_incentivized_hard_4_seed7_3520000_80.json,2_forced_hard_seed8_3520000_60.json,2_forced_hard_4_seed13_10000000_60.json,2_incentivized_hard_seed7_2020000_60.json,O4,FALSE,FALSE
M056,Mid,2_incentivized_hard_4_seed7_3520000_80.json,2_forced_hard_seed8_3520000_60.json,2_forced_hard_4_seed13_10000000_60.json,2_incentivized_hard_seed7_2020000_60.json,O4,FALSE,FALSE
M057,Mid,2_forced_hard_seed9_3520000_60.json,2_forced_hard_4_seed14_10000000_60.json,2_incentivized_hard_seed9_2520000_60.json,2_incentivized_hard_4_seed7_4520000_80.json,O1,FALSE,FALSE
M058,Mid,2_forced_hard_seed9_3520000_60.json,2_forced_hard_4_seed14_10000000_60.json,2_incentivized_hard_seed9_2520000_60.json,2_incentivized_hard_4_seed7_4520000_80.json,O1,FALSE,FALSE
M059,Mid,2_forced_hard_4_seed14_10000000_60.json,2_incentivized_hard_seed9_2520000_60.json,2_incentivized_hard_4_seed7_4520000_80.json,2_forced_hard_seed9_3520000_60.json,O2,FALSE,FALSE
M060,Mid,2_forced_hard_4_seed14_10000000_60.json,2_incentivized_hard_seed9_2520000_60.json,2_incentivized_hard_4_seed7_4520000_80.json,2_forced_hard_seed9_3520000_60.json,O2,FALSE,FALSE
M061,Mid,2_incentivized_hard_seed9_2520000_60.json,2_incentivized_hard_4_seed7_4520000_80.json,2_forced_hard_seed9_3520000_60.json,2_forced_hard_4_seed14_10000000_60.json,O3,FALSE,FALSE
M062,Mid,2_incentivized_hard_seed9_2520000_60.json,2_incentivized_hard_4_seed7_4520000_80.json,2_forced_hard_seed9_3520000_60.json,2_forced_hard_4_seed14_10000000_60.json,O3,FALSE,FALSE
M063,Mid,2_incentivized_hard_4_seed7_4520000_80.json,2_forced_hard_seed9_3520000_60.json,2_forced_hard_4_seed14_10000000_60.json,2_incentivized_hard_seed9_2520000_60.json,O4,FALSE,FALSE
M064,Mid,2_incentivized_hard_4_seed7_4520000_80.json,2_forced_hard_seed9_3520000_60.json,2_forced_hard_4_seed14_10000000_60.json,2_incentivized_hard_seed9_2520000_60.json,O4,FALSE,FALSE
M065,Mid,2_forced_hard_seed10_6020000_60.json,2_forced_hard_4_seed20_9020000_60.json,2_incentivized_hard_seed10_2020000_60.json,2_incentivized_hard_4_seed9_3020000_80.json,O1,FALSE,FALSE
M066,Mid,2_forced_hard_seed10_6020000_60.json,2_forced_hard_4_seed20_9020000_60.json,2_incentivized_hard_seed10_2020000_60.json,2_incentivized_hard_4_seed9_3020000_80.json,O1,FALSE,FALSE
M067,Mid,2_forced_hard_4_seed20_9020000_60.json,2_incentivized_hard_seed10_2020000_60.json,2_incentivized_hard_4_seed9_3020000_80.json,2_forced_hard_seed10_6020000_60.json,O2,FALSE,FALSE
M068,Mid,2_forced_hard_4_seed20_9020000_60.json,2_incentivized_hard_seed10_2020000_60.json,2_incentivized_hard_4_seed9_3020000_80.json,2_forced_hard_seed10_6020000_60.json,O2,FALSE,FALSE
M069,Mid,2_incentivized_hard_seed10_2020000_60.json,2_incentivized_hard_4_seed9_3020000_80.json,2_forced_hard_seed10_6020000_60.json,2_forced_hard_4_seed20_9020000_60.json,O3,FALSE,FALSE
M070,Mid,2_incentivized_hard_seed10_2020000_60.json,2_incentivized_hard_4_seed9_3020000_80.json,2_forced_hard_seed10_6020000_60.json,2_forced_hard_4_seed20_9020000_60.json,O3,FALSE,FALSE
M071,Mid,2_incentivized_hard_4_seed9_3020000_80.json,2_forced_hard_seed10_6020000_60.json,2_forced_hard_4_seed20_9020000_60.json,2_incentivized_hard_seed10_2020000_60.json,O4,FALSE,FALSE
M072,Mid,2_incentivized_hard_4_seed9_3020000_80.json,2_forced_hard_seed10_6020000_60.json,2_forced_hard_4_seed20_9020000_60.json,2_incentivized_hard_seed10_2020000_60.json,O4,FALSE,FALSE
H001,High,2_forced_hard_seed2_10000000_80.json,2_forced_hard_4_seed1_10000000_80.json,2_incentivized_hard_seed1_10000000_80.json,2_incentivized_hard_4_seed1_8520000_100.json,O1,FALSE,FALSE
H002,High,2_forced_hard_seed2_10000000_80.json,2_forced_hard_4_seed1_10000000_80.json,2_incentivized_hard_seed1_10000000_80.json,2_incentivized_hard_4_seed1_8520000_100.json,O1,FALSE,FALSE
H003,High,2_forced_hard_4_seed1_10000000_80.json,2_incentivized_hard_seed1_10000000_80.json,2_incentivized_hard_4_seed1_8520000_100.json,2_forced_hard_seed2_10000000_80.json,O2,FALSE,FALSE
H004,High,2_forced_hard_4_seed1_10000000_80.json,2_incentivized_hard_seed1_10000000_80.json,2_incentivized_hard_4_seed1_8520000_100.json,2_forced_hard_seed2_10000000_80.json,O2,FALSE,FALSE
H005,High,2_incentivized_hard_seed1_10000000_80.json,2_incentivized_hard_4_seed1_8520000_100.json,2_forced_hard_seed2_10000000_80.json,2_forced_hard_4_seed1_10000000_80.json,O3,FALSE,FALSE
H006,High,2_incentivized_hard_seed1_10000000_80.json,2_incentivized_hard_4_seed1_8520000_100.json,2_forced_hard_seed2_10000000_80.json,2_forced_hard_4_seed1_10000000_80.json,O3,FALSE,FALSE
H007,High,2_incentivized_hard_4_seed1_8520000_100.json,2_forced_hard_seed2_10000000_80.json,2_forced_hard_4_seed1_10000000_80.json,2_incentivized_hard_seed1_10000000_80.json,O4,FALSE,FALSE
H008,High,2_incentivized_hard_4_seed1_8520000_100.json,2_forced_hard_seed2_10000000_80.json,2_forced_hard_4_seed1_10000000_80.json,2_incentivized_hard_seed1_10000000_80.json,O4,FALSE,FALSE
H009,High,2_forced_hard_seed4_10000000_80.json,2_forced_hard_4_seed7_9520000_80.json,2_incentivized_hard_seed2_10000000_80.json,2_incentivized_hard_4_seed2_7520000_100.json,O1,FALSE,FALSE
H010,High,2_forced_hard_seed4_10000000_80.json,2_forced_hard_4_seed7_9520000_80.json,2_incentivized_hard_seed2_10000000_80.json,2_incentivized_hard_4_seed2_7520000_100.json,O1,FALSE,FALSE
H011,High,2_forced_hard_4_seed7_9520000_80.json,2_incentivized_hard_seed2_10000000_80.json,2_incentivized_hard_4_seed2_7520000_100.json,2_forced_hard_seed4_10000000_80.json,O2,FALSE,FALSE
H012,High,2_forced_hard_4_seed7_9520000_80.json,2_incentivized_hard_seed2_10000000_80.json,2_incentivized_hard_4_seed2_7520000_100.json,2_forced_hard_seed4_10000000_80.json,O2,FALSE,FALSE
H013,High,2_incentivized_hard_seed2_10000000_80.json,2_incentivized_hard_4_seed2_7520000_100.json,2_forced_hard_seed4_10000000_80.json,2_forced_hard_4_seed7_9520000_80.json,O3,FALSE,FALSE
H014,High,2_incentivized_hard_seed2_10000000_80.json,2_incentivized_hard_4_seed2_7520000_100.json,2_forced_hard_seed4_10000000_80.json,2_forced_hard_4_seed7_9520000_80.json,O3,FALSE,FALSE
H015,High,2_incentivized_hard_4_seed2_7520000_100.json,2_forced_hard_seed4_10000000_80.json,2_forced_hard_4_seed7_9520000_80.json,2_incentivized_hard_seed2_10000000_80.json,O4,FALSE,FALSE
H016,High,2_incentivized_hard_4_seed2_7520000_100.json,2_forced_hard_seed4_10000000_80.json,2_forced_hard_4_seed7_9520000_80.json,2_incentivized_hard_seed2_10000000_80.json,O4,FALSE,FALSE
H017,High,2_forced_hard_seed5_10000000_80.json,2_forced_hard_4_seed7_10000000_80.json,2_incentivized_hard_seed3_10000000_80.json,2_incentivized_hard_4_seed3_9520000_100.json,O1,FALSE,FALSE
H018,High,2_forced_hard_seed5_10000000_80.json,2_forced_hard_4_seed7_10000000_80.json,2_incentivized_hard_seed3_10000000_80.json,2_incentivized_hard_4_seed3_9520000_100.json,O1,FALSE,FALSE
H019,High,2_forced_hard_4_seed7_10000000_80.json,2_incentivized_hard_seed3_10000000_80.json,2_incentivized_hard_4_seed3_9520000_100.json,2_forced_hard_seed5_10000000_80.json,O2,FALSE,FALSE
H020,High,2_forced_hard_4_seed7_10000000_80.json,2_incentivized_hard_seed3_10000000_80.json,2_incentivized_hard_4_seed3_9520000_100.json,2_forced_hard_seed5_10000000_80.json,O2,FALSE,FALSE
H021,High,2_incentivized_hard_seed3_10000000_80.json,2_incentivized_hard_4_seed3_9520000_100.json,2_forced_hard_seed5_10000000_80.json,2_forced_hard_4_seed7_10000000_80.json,O3,FALSE,FALSE
H022,High,2_incentivized_hard_seed3_10000000_80.json,2_incentivized_hard_4_seed3_9520000_100.json,2_forced_hard_seed5_10000000_80.json,2_forced_hard_4_seed7_10000000_80.json,O3,FALSE,FALSE
H023,High,2_incentivized_hard_4_seed3_9520000_100.json,2_forced_hard_seed5_10000000_80.json,2_forced_hard_4_seed7_10000000_80.json,2_incentivized_hard_seed3_10000000_80.json,O4,FALSE,FALSE
H024,High,2_incentivized_hard_4_seed3_9520000_100.json,2_forced_hard_seed5_10000000_80.json,2_forced_hard_4_seed7_10000000_80.json,2_incentivized_hard_seed3_10000000_80.json,O4,FALSE,FALSE
H025,High,2_forced_hard_seed8_10000000_80.json,2_forced_hard_4_seed9_8520000_80.json,2_incentivized_hard_seed4_10000000_80.json,2_incentivized_hard_4_seed4_9520000_100.json,O1,FALSE,FALSE
H026,High,2_forced_hard_seed8_10000000_80.json,2_forced_hard_4_seed9_8520000_80.json,2_incentivized_hard_seed4_10000000_80.json,2_incentivized_hard_4_seed4_9520000_100.json,O1,FALSE,FALSE
H027,High,2_forced_hard_4_seed9_8520000_80.json,2_incentivized_hard_seed4_10000000_80.json,2_incentivized_hard_4_seed4_9520000_100.json,2_forced_hard_seed8_10000000_80.json,O2,FALSE,FALSE
H028,High,2_forced_hard_4_seed9_8520000_80.json,2_incentivized_hard_seed4_10000000_80.json,2_incentivized_hard_4_seed4_9520000_100.json,2_forced_hard_seed8_10000000_80.json,O2,FALSE,FALSE
H029,High,2_incentivized_hard_seed4_10000000_80.json,2_incentivized_hard_4_seed4_9520000_100.json,2_forced_hard_seed8_10000000_80.json,2_forced_hard_4_seed9_8520000_80.json,O3,FALSE,FALSE
H030,High,2_incentivized_hard_seed4_10000000_80.json,2_incentivized_hard_4_seed4_9520000_100.json,2_forced_hard_seed8_10000000_80.json,2_forced_hard_4_seed9_8520000_80.json,O3,FALSE,FALSE
H031,High,2_incentivized_hard_4_seed4_9520000_100.json,2_forced_hard_seed8_10000000_80.json,2_forced_hard_4_seed9_8520000_80.json,2_incentivized_hard_seed4_10000000_80.json,O4,FALSE,FALSE
H032,High,2_incentivized_hard_4_seed4_9520000_100.json,2_forced_hard_seed8_10000000_80.json,2_forced_hard_4_seed9_8520000_80.json,2_incentivized_hard_seed4_10000000_80.json,O4,FALSE,FALSE
H033,High,2_forced_hard_seed9_10000000_80.json,2_forced_hard_4_seed9_9020000_80.json,2_incentivized_hard_seed5_10000000_80.json,2_incentivized_hard_4_seed5_9520000_100.json,O1,FALSE,FALSE
H034,High,2_forced_hard_seed9_10000000_80.json,2_forced_hard_4_seed9_9020000_80.json,2_incentivized_hard_seed5_10000000_80.json,2_incentivized_hard_4_seed5_9520000_100.json,O1,FALSE,FALSE
H035,High,2_forced_hard_4_seed9_9020000_80.json,2_incentivized_hard_seed5_10000000_80.json,2_incentivized_hard_4_seed5_9520000_100.json,2_forced_hard_seed9_10000000_80.json,O2,FALSE,FALSE
H036,High,2_forced_hard_4_seed9_9020000_80.json,2_incentivized_hard_seed5_10000000_80.json,2_incentivized_hard_4_seed5_9520000_100.json,2_forced_hard_seed9_10000000_80.json,O2,FALSE,FALSE
H037,High,2_incentivized_hard_seed5_10000000_80.json,2_incentivized_hard_4_seed5_9520000_100.json,2_forced_hard_seed9_10000000_80.json,2_forced_hard_4_seed9_9020000_80.json,O3,FALSE,FALSE
H038,High,2_incentivized_hard_seed5_10000000_80.json,2_incentivized_hard_4_seed5_9520000_100.json,2_forced_hard_seed9_10000000_80.json,2_forced_hard_4_seed9_9020000_80.json,O3,FALSE,FALSE
H039,High,2_incentivized_hard_4_seed5_9520000_100.json,2_forced_hard_seed9_10000000_80.json,2_forced_hard_4_seed9_9020000_80.json,2_incentivized_hard_seed5_10000000_80.json,O4,FALSE,FALSE
H040,High,2_incentivized_hard_4_seed5_9520000_100.json,2_forced_hard_seed9_10000000_80.json,2_forced_hard_4_seed9_9020000_80.json,2_incentivized_hard_seed5_10000000_80.json,O4,FALSE,FALSE
H041,High,2_forced_hard_seed12_10000000_80.json,2_forced_hard_4_seed9_9520000_80.json,2_incentivized_hard_seed6_10000000_80.json,2_incentivized_hard_4_seed6_9520000_100.json,O1,FALSE,FALSE
H042,High,2_forced_hard_seed12_10000000_80.json,2_forced_hard_4_seed9_9520000_80.json,2_incentivized_hard_seed6_10000000_80.json,2_incentivized_hard_4_seed6_9520000_100.json,O1,FALSE,FALSE
H043,High,2_forced_hard_4_seed9_9520000_80.json,2_incentivized_hard_seed6_10000000_80.json,2_incentivized_hard_4_seed6_9520000_100.json,2_forced_hard_seed12_10000000_80.json,O2,FALSE,FALSE
H044,High,2_forced_hard_4_seed9_9520000_80.json,2_incentivized_hard_seed6_10000000_80.json,2_incentivized_hard_4_seed6_9520000_100.json,2_forced_hard_seed12_10000000_80.json,O2,FALSE,FALSE
H045,High,2_incentivized_hard_seed6_10000000_80.json,2_incentivized_hard_4_seed6_9520000_100.json,2_forced_hard_seed12_10000000_80.json,2_forced_hard_4_seed9_9520000_80.json,O3,FALSE,FALSE
H046,High,2_incentivized_hard_seed6_10000000_80.json,2_incentivized_hard_4_seed6_9520000_100.json,2_forced_hard_seed12_10000000_80.json,2_forced_hard_4_seed9_9520000_80.json,O3,FALSE,FALSE
H047,High,2_incentivized_hard_4_seed6_9520000_100.json,2_forced_hard_seed12_10000000_80.json,2_forced_hard_4_seed9_9520000_80.json,2_incentivized_hard_seed6_10000000_80.json,O4,FALSE,FALSE
H048,High,2_incentivized_hard_4_seed6_9520000_100.json,2_forced_hard_seed12_10000000_80.json,2_forced_hard_4_seed9_9520000_80.json,2_incentivized_hard_seed6_10000000_80.json,O4,FALSE,FALSE
H049,High,2_forced_hard_seed14_10000000_80.json,2_forced_hard_4_seed9_10000000_80.json,2_incentivized_hard_seed7_10000000_80.json,2_incentivized_hard_4_seed7_9520000_100.json,O1,FALSE,FALSE
H050,High,2_forced_hard_seed14_10000000_80.json,2_forced_hard_4_seed9_10000000_80.json,2_incentivized_hard_seed7_10000000_80.json,2_incentivized_hard_4_seed7_9520000_100.json,O1,FALSE,FALSE
H051,High,2_forced_hard_4_seed9_10000000_80.json,2_incentivized_hard_seed7_10000000_80.json,2_incentivized_hard_4_seed7_9520000_100.json,2_forced_hard_seed14_10000000_80.json,O2,FALSE,FALSE
H052,High,2_forced_hard_4_seed9_10000000_80.json,2_incentivized_hard_seed7_10000000_80.json,2_incentivized_hard_4_seed7_9520000_100.json,2_forced_hard_seed14_10000000_80.json,O2,FALSE,FALSE
H053,High,2_incentivized_hard_seed7_10000000_80.json,2_incentivized_hard_4_seed7_9520000_100.json,2_forced_hard_seed14_10000000_80.json,2_forced_hard_4_seed9_10000000_80.json,O3,FALSE,FALSE
H054,High,2_incentivized_hard_seed7_10000000_80.json,2_incentivized_hard_4_seed7_9520000_100.json,2_forced_hard_seed14_10000000_80.json,2_forced_hard_4_seed9_10000000_80.json,O3,FALSE,FALSE
H055,High,2_incentivized_hard_4_seed7_9520000_100.json,2_forced_hard_seed14_10000000_80.json,2_forced_hard_4_seed9_10000000_80.json,2_incentivized_hard_seed7_10000000_80.json,O4,FALSE,FALSE
H056,High,2_incentivized_hard_4_seed7_9520000_100.json,2_forced_hard_seed14_10000000_80.json,2_forced_hard_4_seed9_10000000_80.json,2_incentivized_hard_seed7_10000000_80.json,O4,FALSE,FALSE
H057,High,2_forced_hard_seed15_10000000_80.json,2_forced_hard_4_seed11_9520000_80.json,2_incentivized_hard_seed9_10000000_80.json,2_incentivized_hard_4_seed8_9520000_100.json,O1,FALSE,FALSE
H058,High,2_forced_hard_seed15_10000000_80.json,2_forced_hard_4_seed11_9520000_80.json,2_incentivized_hard_seed9_10000000_80.json,2_incentivized_hard_4_seed8_9520000_100.json,O1,FALSE,FALSE
H059,High,2_forced_hard_4_seed11_9520000_80.json,2_incentivized_hard_seed9_10000000_80.json,2_incentivized_hard_4_seed8_9520000_100.json,2_forced_hard_seed15_10000000_80.json,O2,FALSE,FALSE
H060,High,2_forced_hard_4_seed11_9520000_80.json,2_incentivized_hard_seed9_10000000_80.json,2_incentivized_hard_4_seed8_9520000_100.json,2_forced_hard_seed15_10000000_80.json,O2,FALSE,FALSE
H061,High,2_incentivized_hard_seed9_10000000_80.json,2_incentivized_hard_4_seed8_9520000_100.json,2_forced_hard_seed15_10000000_80.json,2_forced_hard_4_seed11_9520000_80.json,O3,FALSE,FALSE
H062,High,2_incentivized_hard_seed9_10000000_80.json,2_incentivized_hard_4_seed8_9520000_100.json,2_forced_hard_seed15_10000000_80.json,2_forced_hard_4_seed11_9520000_80.json,O3,FALSE,FALSE
H063,High,2_incentivized_hard_4_seed8_9520000_100.json,2_forced_hard_seed15_10000000_80.json,2_forced_hard_4_seed11_9520000_80.json,2_incentivized_hard_seed9_10000000_80.json,O4,FALSE,FALSE
H064,High,2_incentivized_hard_4_seed8_9520000_100.json,2_forced_hard_seed15_10000000_80.json,2_forced_hard_4_seed11_9520000_80.json,2_incentivized_hard_seed9_10000000_80.json,O4,FALSE,FALSE
H065,High,2_forced_hard_seed17_10000000_80.json,2_forced_hard_4_seed20_9520000_80.json,2_incentivized_hard_seed8_10000000_80.json,2_incentivized_hard_4_seed10_9520000_100.json,O1,FALSE,FALSE
H066,High,2_forced_hard_seed17_10000000_80.json,2_forced_hard_4_seed20_9520000_80.json,2_incentivized_hard_seed8_10000000_80.json,2_incentivized_hard_4_seed10_9520000_100.json,O1,FALSE,FALSE
H067,High,2_forced_hard_4_seed20_9520000_80.json,2_incentivized_hard_seed8_10000000_80.json,2_incentivized_hard_4_seed10_9520000_100.json,2_forced_hard_seed17_10000000_80.json,O2,FALSE,FALSE
H068,High,2_forced_hard_4_seed20_9520000_80.json,2_incentivized_hard_seed8_10000000_80.json,2_incentivized_hard_4_seed10_9520000_100.json,2_forced_hard_seed17_10000000_80.json,O2,FALSE,FALSE
H069,High,2_incentivized_hard_seed8_10000000_80.json,2_incentivized_hard_4_seed10_9520000_100.json,2_forced_hard_seed17_10000000_80.json,2_forced_hard_4_seed20_9520000_80.json,O3,FALSE,FALSE
H070,High,2_incentivized_hard_seed8_10000000_80.json,2_incentivized_hard_4_seed10_9520000_100.json,2_forced_hard_seed17_10000000_80.json,2_forced_hard_4_seed20_9520000_80.json,O3,FALSE,FALSE
H071,High,2_incentivized_hard_4_seed10_9520000_100.json,2_forced_hard_seed17_10000000_80.json,2_forced_hard_4_seed20_9520000_80.json,2_incentivized_hard_seed8_10000000_80.json,O4,FALSE,FALSE
H072,High,2_incentivized_hard_4_seed10_9520000_100.json,2_forced_hard_seed17_10000000_80.json,2_forced_hard_4_seed20_9520000_80.json,2_incentivized_hard_seed8_10000000_80.json,O4,FALSE,FALSE